0,4% Milkfat Large Curd cottage cheese,110,8
1,Chicken bbq pizza,290,5
2,Grönsaksbullar Vegetable Balls (ikea),173.6111,7
3,Sylt Hjortron Cloudberry Jam,248,6
4,Sel Marin Aromatisé Poisson Esprit Du Sel 250 G,0,10
5,Harrys pain de mie longue conservation nature,283,5
6,Le Beurre Tendre doux,744,0
7,FARINE FLUIDE,335,4
8,Orange mango passion fruit 100% fruit premium smoothie,255,5
9,Bruschetta,480,1
10,Flageolets verts extra-fins,93,9
11,4 Muffins,441,2
12,Long nuggets aux filets de poulet,254,5
13,Olives confites noires dénoyautées,133,8
14,Mild sweet italian chicken sausage,117.6471,8
15,Pecan Shortbread Cookies,232.25806451613,6
16,Creme filled wafer rolls,480,1
17,Iced oatmeal cookies,464.28571428571,1
18,Maple Leaf Crème Cookies,478.26086956522,1
19,Chocolate chip cookies chocolate chip,485,1
20,Biscuit,460,1
21,Kong yen rice vinegar,0,10
22,Salted Butter Quarters,714.2857,0
23,Multiseed snack crackers,464.28571428571,1
24,Chili infused,800,0
25,Spaghetti,44.0529,10
26,Protein bread,285.7143,5
27,Gouda Jeune Everyday,346,4
28,Coca-Cola Zéro Sucre,0.2,10
29,Presssd apple juice drink,23,10
30,Coca-Cola,42,10
31,Pois chiches boni,504,0
32,Marrons entiers,163,7
33,Tesco Folded Flatbreads Plain 6 Pack,291,5
34,Huel Black,400,2
35,caramel collection,498,1
36,Tunisian extra virgin olive oil,800,0
37,Berry Cocktail Yoghurt,105,8
38,Tilapia Fillets,96,9
39,Extra Virgin Olive Oil,800,0
40,Vermicelles de Chine en Riz,308,4
41,Excellence,47,10
42,Instant Noodles Bowl Shrimp,458,1
43,Huile d'olive,821,0
44,Yellow Label Tea,4,10
45,Mini pound cake,404,2
46,Crisp paprika,446,2
47,Brisures de biscuits,443,2
48,Salvado,400,2
49,Milk chocolate egg filled with rolo chocolates,520,0
50,Chocolate cake,440,2
51,Milka tuc,515,0
52,Oreo cookies golden,486,1
53,Crackers Express,433,2
54,Milk Caramel Spread Filled Sandwich Cookies With Chocolate Flavored Coating,426,2
55,Oreo cookies,479,1
56,Toblerone chocolate bar milk,529,0
57,Cadbury milk tray chocolate pieces milk,516,0
58,Pirucream,495.2381,1
59,Breakfast Biscuits Honey and Nuts,448,2
60,Cadbury dairy milk chocolate bar wholenut,550,0
61,CALDO PAELLA,30,10
62,Vegetable medley with chunk light tuna,96,9
63,Heinz Sauce Cocktail,399,3
64,Whole berry cranberry sauce,160,7
65,Red Wine Vinegar A Blend Of Cabernet Sauvignon Vinegar & Reduced Grape Must Unfiletered Naturally Aged In Oak Barrels,130,8
66,Fischsauce,55,9
67,Maekrua Oyster Sauce,67,9
68,Lait De Coco AROY-D 1L,185,7
69,Altramuces,104,8
70,Bebida de almendra + calcio,148,8
71,Taekyung Red Pepper Powder,4,10
72,Panettone,377,3
73,Original gluco biscuits,466.6667,1
74,Gran gelées di zuccheri agrumi,252,5
75,Gemüse Bouillon,4,10
76,Tortillas de trigo,299,5
77,Bebida de soja chocolate,71,9
78,Margarine,571.4286,0
79,Cherries in Liqueur,426,2
80,Mehl Universal,337,4
81,Rindsgulasch,96,9
82,Cherry fruit bar,200,6
83,Maître truffout &quot; truffles&quot;,611,0
84,Cracker Mit Sesam 250g Packung Stiratini,449,2
85,Swisse Hair Skin Nails,1,10
86,Pâte de curry rouge Ayam™,144,8
87,Orange Juice,45.8333,10
88,Salted caramel protein balls,470,1
89,Organic coconut water,35,10
90,Chicken bbq pizza,290,5
91,Creamy peanut butter spread,606,0
92,Nabisco mini chips ahoy! real chocolate chip cookies,500,0
93,Light Dressing,80,9
94,Deluxe Cashews,607,0
95,Entenmann's cake louisiana crunch,394,3
96,Food club popcorn butter light,424,2
97,Sun Sprout Clover Sprouts Clover,29,10
98,Haricots certs - green beans,25,10
99,stackerz,150,7
100,Creamy Caesar Yogurt Dressing,45,10
101,Slow Churned Cookies'n CreamDreyer's Ice Cream,150,7
102,Mild coconut korma indian simmer sauce,72,9
103,Cookies chocolat noisettes,516,0
104,Cabillaud à l’oseille,79,9
105,Migros rôti anglais,121,8
106,Whole Milk Fresh Cheese,321,4
107,Pecan Halves,200,6
108,Original no salt added potato chips original,571,0
109,Cheat Spread,577,0
110,Exubérance vanille pecan et caramel,281.818181818182,5
111,Original lemonade original,50,9
112,Wing sauce & glaze,100,8
113,Sedona spanish queen whole green olives,167,7
114,Olives Ripe,167,7
115,Red Seaweed Pearls,0,10
116,Vanilla Flavored Sandwich Cookies,440,2
117,Dark cherry vanilla kombucha,17,10
118,Lingonberry drink concentrate,200,6
119,Weis hot sauce,0,10
120,Reese's spreads peanut butter chocolate peanut butter chocolate,514,0
121,Honey,333,4
122,Plain Tortillas,236,6
123,4% Milkfat Large Curd cottage cheese,110,8
124,Oscar mayer thick cut bacon hardwood smoked,500,0
125,Michele's granola cinnamon raisin,500,0
126,Organic Ceylon Cinnamon Powder,15,10
127,Juice Cocktail Pomegranate,55,9
128,Buckwheat Pudding Vanilla Bean Cashew,106,8
129,Kafferep,160,7
130,Rendered Duck Fat,857,0
131,Mini marshmallows,333,4
132,Mashed malanga,403,2
133,Philadelphia fat free cream cheese,91,9
134,Okf Aloe Vera Drink Peach,38,10
135,Sylt Lingon,166.66666666667,7
136,Bar-B-Que Sauce,0,10
137,Gelato Sea Salt Caramel,229,6
138,Grönsaksbullar Vegetable Balls (ikea),173.6111,7
139,Sylt Hjortron Cloudberry Jam,248,6
140,Mott's natural applesauce,41,10
141,Cake mate green icing,417,2
142,Great value cinnamon waffles cinnamon,357,3
143,Farfalle Multigrain Pasta,339,4
144,Tomato Puree,42,10
145,Amande cacao pecou,560,0
146,Poulet fermier blanc,145,8
147,Weis Choco Chip Cookie,50,9
148,Alouette soft spreadable cheese flame-roasted red peppers,261,5
149,Weis fudge ice brownie with walnuts,429,2
150,Italian Bread Sliced,75,9
151,Tesco Crusty White Roll,276.4,5
152,Tesco Ciabatta Roll,295,5
153,Comté portion,430,2
154,Boisson instantanée,350,3
155,Costillas barbacoa cortada,186,7
156,Svensk Ekologisk Nöt,140,8
157,Boar's head pecorino romano cheese,400,2
158,Havarti light,252,5
159,Crackerz Cracked Pepper And Sea Salt,385,3
160,Parmigiano reggiano cheese,393,3
161,Powdered sugar,400,2
162,Best west french style green beans,17,10
163,Polaner real mint jelly mint,222,6
164,Le Gruyère,396,3
165,Blueberry Muffin,470,1
166,Fat Free Milk,38,10
167,Raw Frozen Saltwater Pink Shrimp,82,9
168,Vegane Bananenschnitte,246,6
169,Cashew Nuts,550,0
170,Abricots secs,283,5
171,Shoprite tyson split chicken breast with ribs,170,7
172,Ocean spray juice cranberry raspberry,50,9
173,celery hearts,10,10
174,Marinara Tomato Pasta Sauce,56,9
175,Organic creamery organic parmesan cheese,357,3
176,Il giardino asiago fresco cheese,368,3
177,Shoprite emmentaler swiss cheese cuts,393,3
178,Global cheese market marble jack cheese,367,3
179,Black bear swiss emmentaler cheese,393,3
180,Black bear brie double cream,357,3
181,Jarlsberg Semi Soft Part-Skim Cheese,357,3
182,Stella freshly crumbled blue cheese,357,3
183,Shoprite monterey jack jalapeno peppers,357,3
184,Belgioioso provolone cheese,393,3
185,Perdue fit & easy thin sliced breasts,107,8
186,Extra Sharp Provolone Cheese,352,3
187,Cheddar Cheese - Extra Sharp,393,3
188,Black Bear Locatelli Wedge Cheese,393,3
189,Passage foods korma simmer sauce mild,167,7
190,Baguette mit Pastrami groß,135,8
191,Sausage/Brat Rolls,140,8
192,LOMO,146.30000305176,8
193,Maple grove farms of vermont pancake & waffle mix buttermilk & honey,341,4
194,Jambon cuit four,119,8
195,Wurst geräuchert,313,4
196,Beaufort,397,3
197,FARINE FLUIDE,335,4
198,Flageolets verts extra-fins,93,9
199,Olives confites noires dénoyautées,133,8
200,cannelloni,122,8
201,Mikado chocolat au lait,480,1
202,Maille Moutarde à l'Ancienne Bocal 380g,172,7
203,Grand’Mère 100% organic free-range egg pasta,372,3
204,Couscous facile,365,3
205,Légumes au pesto rosso,67,9
206,Vinaigre d'alcool cristal,0,10
207,Taille fine,48,10
208,Prince Petit Déj,475,1
209,Gluten free mini pretzels,110,8
210,Créations Chocolat,529,0
211,Couscous sachet cuisson,361,3
212,Le Fruit - Orange sans pulpe,42,10
213,Gros Sel Gris De Guérande,1,10
214,Steak Hache 15%% 2X125G Ls ,215,6
215,Cacahuètes délicatement salées extra croquantes,606,0
216,Echire beurre de baratte d' excellence,723,0
217,Le puy green lentils,333.33333333333,4
218,French sponge cakes with chocolate chips mini madeleines french sponge cakes with chocolate chips,452,1
219,Madeleines 10 traditional french sponge cakes madeleines,476,1
220,Butter cookies with sea salt grandes galettes butter cookies with sea salt,500,0
221,Mini madeleines traditional french sponge cakes,452,1
222,4 minis à dorer,256,5
223,Petit Pont-l’Évêque,277.5,5
224,Moutarde De Meaux 12 x 100G,124,8
225,Palmier Caramel au Beurre,542,0
226,Harrys pain de mie longue conservation nature,283,5
227,4 Muffins,441,2
228,Crème dessert au chocolat,118,8
229,Brillat Savarin Affine,390,3
230,Huile pour friture,900,0
231,Passion Acérola,32,10
232,Brioche tressée 600 g,326,4
233,Poisson croûte d'épices cuisinez facile,313,4
234,Madeleines,440,2
235,Coppa sel sec,249,6
236,Pain Rustique Terre & Saveurs,256,5
237,Nouilles udon à cuire,348,4
238,Flocons d'avoine 4 graines et raisins,390,3
239,Canebiere,3,10
240,Whole foods market herve mons camembert cheese,293,5
241,Panier de Yoplait au lait d'amande,109,8
242,Crousty roll,513,0
243,Terrine de chevreuil,307,4
244,Comte,428.57142857143,2
245,Sorbet plein fruit à la coco bio,117,8
246,Salted caramel sauce,333,4
247,Soft ripened cheese,273,5
248,Camembert,286,5
249,Spread,217,6
250,Apricot spread,217,6
251,Soft ripened cow's milk cheese,437,2
252,Soumaintrain Fromage Au Lait Entier Whole Milk Cheese,304,4
253,Full Fat Soft-Ripened Cheese,293,5
254,Cremeux Des Citeaux,361,3
255,Petit gaugrya,311,4
256,Kouign amann nature,458.7,1
257,Le Beurre Tendre doux,744,0
258,Chips Pizza 125G Bret's,525,0
259,Confiture fraise clémentine,229,6
260,Organic apple orange spice apple orange,205,6
261,Peche-abricot,253,5
262,Organic apple sauce,43,10
263,Brie De Nangis Pasteurise Boite,279,5
264,Pasteurised Soft Ripened Cheese,393,3
265,French Soft Sheep's Milk Cheese Ripened In Brine,286,5
266,Four Red Fruits Preserve,245,6
267,Marmalade,240,6
268,Beurre,551,0
269,Eveil croissance bio au lait entier,63,9
270,Creme glacée café croquant,154,7
271,Pasteurised Soft Ripened Cheese,279,5
272,Mini Gourmandise,268,5
273,Sel Marin Aromatisé Poisson Esprit Du Sel 250 G,0,10
274,Orange mango passion fruit 100% fruit premium smoothie,255,5
275,Long nuggets aux filets de poulet,254,5
276,Escalope Cordon Bleu au Comté fondu,206,6
277,Pain grillé au ble complet bio,375,3
278,Macédoine de légumes,36,10
279,Figues Pulled N°6 Ravier 500G NOUVELLE RECOLTE,251,5
280,Maïs tendre,120,8
281,Duo de Génoises,374,3
282,Petits pois carottes,63,9
283,Haricots blanc,75,9
284,Lipton ice tea pêche zéro sucres,1,10
285,Cold pressed green power juice,25.37,10
286,Barre Mure Chocolat,344,4
287,Terry's chocolate orange chocolate ball,520,0
288,Terry's chocolate orange chocolate ball,510,0
289,Le Délice Noisette,124,8
290,Terry's twilight chocolate pieces milk with mint,519,0
291,Terry's chocolate orange chocolate bar,524,0
292,Terry's chocolate orange chocolate toffee crunch,520,0
293,Terry's all gold chocolate pieces-assorted milk,511,0
294,Raspberry madeleine,460,1
295,Soupe carotte orange gingembre,32,10
296,Amandes décortiquées extra grillées salées,627,0
297,Pistachio madeleine,464,1
298,Chocolat Noir éclats De Coco,597,0
299,Sauce chinoise,72,9
300,Œuf frais PLEIN AIR ELEVEURS ENGAGES,140,8
301,formula 1 herbalife,375,3
302,Soupe CALALOU,9,10
303,Crispy French Crackers,479,1
304,Dragees 2 chocolats,471,1
305,Thé noir parfumé,1,10
306,Soupe butternut patate douce,31,10
307,Extra dark chocolate with hazelnuts,578,0
308,Lov organic almond rooibos herbal tea,4,10
309,Bruschetta,480,1
310,Pudding Mix,444,2
311,Cream cheese,243,6
312,Beef stick,281.25,5
313,Konexfoods Gourmet Grape Leaves Stuffed With Rice,141,8
314,Coconut chia & vanilla pure organic raw bar,433,2
315,Coconut chia & vanilla pure raw organic bar,433,2
316,Coconut vanilla & lemon pure raw organic protein bar,367,3
317,Cacao cacao nibs & hazelnuts pure organic raw bar,433,2
318,Cacao cacao nibs & hazelnuts pure organic raw bar,433,2
319,Peanut butter pure raw organic protein bar,367,3
320,Peanut butter nuts & cacao nibs pure organic raw bar,433,2
321,Cacao cacao nibs & orange pure raw organic protein bar,367,3
322,Plain bread crumbs,400,2
323,Plum butter,278,5
324,Rose hip spread,278,5
325,Phyllo pastry sheets for baklava,317,4
326,Coarse sea salt,0,10
327,Sunflower oil,867,0
328,Virgin olive oil,867,0
329,100% durum,375,3
330,Drink pear,50,9
331,Bazooka bubble gum original & blue razz,333,4
332,Mild sweet italian chicken sausage,117.6471,8
333,Pecan Shortbread Cookies,232.25806451613,6
334,Creme filled wafer rolls,480,1
335,Iced oatmeal cookies,464.28571428571,1
336,Maple Leaf Crème Cookies,478.26086956522,1
337,Chocolate chip cookies chocolate chip,485,1
338,Biscuit,460,1
339,Salted Butter Quarters,714.2857,0
340,Multiseed snack crackers,464.28571428571,1
341,Chili infused,800,0
342,Spaghetti,44.0529,10
343,Protein bread,285.7143,5
344,Goldhirse,363,3
345,Pois chiches en forme de grains de riz,364,3
346,Tomaten-Gemüsesaftcocktail,18,10
347,Erdbeer-Rolle,374,3
348,Unsalted european style cultured vegan butter,643,0
349,Echtlachs creme salmon spread,466,1
350,Kuchenmeister cake roll with blueberry fruit filling,375,3
351,Kuchenmeister cake roll lemon fruit,375,3
352,Premium Stollen Marzipan,412,2
353,Hickory Uncured Turkey Bacon,45,10
354,Protein Wafers Chocolate Crème,210,6
355,Glace chocolat,231,6
356,Universelle schlagcreme,158,7
357,Rapsöl,828,0
358,Schokotröpfchen,520,0
359,Dinkel Hörnchen Nudeln,359,3
360,REWE Curry Dressing,249,6
361,Weinstein backpulver,236,6
362,Zaziki,117,8
363,Cinnamon mini croissants cinnamon,365,3
364,Nabisco ritz fresh stacks crackers,500,0
365,Chocolate Marshmallow,392.8571,3
366,Ringo,12.8,10
367,Instant Matcha Latte,50,9
368,Original mushroom stock powder original mushroom,325,4
369,Original dashi stock powder original,312,4
370,Original vegetable stock powder,262,5
371,Mochi ice cream,286,5
372,Premium ice bar,171,7
373,White miso soup,354,3
374,Refresh! gummy,360,3
375,Gummyz,320,4
376,Ichi-ban tako-senbei,427,2
377,Sparkling hawaii water,0,10
378,Sac sac grape drink,53,9
379,Paxs liquid salad dressing,360,3
380,Asahi soft drink,0,10
381,Asahi soft drink,0,10
382,Pokka sapporo carbonated soft drink grapefruit,0,10
383,Pokka sapporo carbonated soft drink lemon lemon,17,10
384,Kc Central Trading Co. Seasoning Sauce,0,10
385,Premium ice bar,172,7
386,Kabuto cafe royal original coffee,42,10
387,Cuqqes,108.10810810811,8
388,Wheat flour,334,4
389,Mineral water "narzan" silver,0,10
390,Black currant,48,10
391,Whole grain buckwheat,355,3
392,Cookies,441,2
393,Red Wine Vinegar,0,10
394,Caviar,240,6
395,Dark Chocolate Royal Shake,160,7
396,Чипсы кукурузные Насос Оригинальные,500,0
397,Kong yen rice vinegar,0,10
398,Almond flour,57.1429,9
399,Butternut Squash Soup,51,9
400,Spicy Curry Soup,76,9
401,Champignons,21,10
402,Aloe Vera,35,10
403,JA JIANG INSTANT NOODLES,390,3
404,Wesołe grzybki,509,0
405,Carrot Soup,38,10
406,Red Bean Rice Cake,312,4
407,Boisson lait de coco,107,8
408,Minestrone Soup,45,10
409,Gira non-alcoholic malt beverage,30,10
410,Japanese Style Green Tea Mochi,340,4
411,Biscuits Melange De Grains Au Gout Taro,586,0
412,Karums,333.33333333333,4
413,Assorted,100,8
414,Late 3 in 1 instant,4.7619047619048,10
415,Champignon Soup,43,10
416,Three Lentil Soup,61,9
417,Champignons,14,10
418,Soy Sauce,26.6667,10
419,Soy Drink,52,9
420,Boy bawang,502,0
421,Green Tea,50,9
422,San Marino Light Chili Corned Tuna,145,8
423,Master Gata Sardines In Coconut Milk,179,7
424,Tobi onion garlic peanuts,621,0
425,Bibingka,365,3
426,Mushroom elixer with chaga,333.33333333333,4
427,Bahag Hari Taro Chips,160,7
428,Sulit Corn Snack,70,9
429,Muncher Green Peas,120,8
430,Nissin Demae Ramen with Sesame Oil,450,1
431,Sunflower Oil,929,0
432,Nissin Demae Artificial Chicken Flavor,449,2
433,Instant noodle Five Spices Beef Flavour,471,1
434,Matcha Quinoa Flakes,70.512820512821,9
435,Lady's Choice Sandwich Spread,38,10
436,Muscat Gummy Candy,300,4
437,Sea Salt,0,10
438,Hosoda Bros Inc. Prepared Kidney Bean,260,5
439,Dried Bean Curd,438,2
440,Okonomi sauce,139,8
441,Instant Coffee Deep Roasted,301,4
442,Nestle instant coffee,600,0
443,Food,0,10
444,Pocky Chocomint Sticks,6.6666666666667,10
445,Nerunerunerune Grape Flavor,91,9
446,All-In-One Ramen,468,1
447,ライチグミ Lychee Gummy Candy,120,8
448,Soup Base,188,7
449,Grape gummy candy,322,4
450,オロナミンCドリンク,66,9
451,Hana Seasoned Distilled Vinegar,138,8
452,Japanese baked rice cracker,500,0
453,Pockin fruits soft drink,67,9
454,Kishu bainiku nama ume candy,400,2
455,Red chili pepper tempura seaweed snacks,600,0
456,Frozen soy bean,112,8
457,Carbonated drink,50,9
458,Presssd apple juice drink,23,10
459,Tesco Folded Flatbreads Plain 6 Pack,291,5
460,Huel Black,400,2
461,Decaf tea,5,10
462,STUTE Soya Unsweetened Organic Drink,21,10
463,Snickers,241,6
464,Vanilla Flavor,400,2
465,Tesco Free From Chocolate Chip Mini Muffin 200G,432,2
466,Fresh & easy tilapia,89,9
467,Lemon & caper tilapia with roasted red potatoes,88,9
468,Tilapia tremendous with korean bbq sauce,117,8
469,Tilapia Fillets With Red Thai Sauce,86,9
470,Original Crackers,490,1
471,Cheese Slices,223,6
472,Lemon melts,555.5556,0
473,Black's Organic Cooking Dark Chocolate Bar,575,0
474,Gingerbread village with white chocolate gingerbread almonds roasted salted peanuts red and green spice drops gingersnap cookies red and green m&m's milk chocolate candies & white chocolate peppermint marshmallow bits indulgent trail mix,500,0
475,Mary ann's chocolates,425,2
476,Aussie Greek,180,7
477,Double Max Cocoa & Coconut Croissant,452,1
478,Spinach with rice spinach,134,8
479,Αλιμμα μελι με παστα φουντουκιου,424,2
480,Serenata wafers,560,0
481,Marrons chestnuts,133,8
482,Greek yogurt cookies,488,1
483,Balsamic glaze,250,5
484,Halloumi cheese,321,4
485,Milk chocolate with almonds,550,0
486,Cream biscuits cookies,493,1
487,Milk chocolate,550,0
488,Extra virgin olive oil with rosemary,867,0
489,Fig salami,330,4
490,Halloumi cheese,321,4
491,Fig salami,412,2
492,Extra olive oil,893,0
493,Tuc crackers sour cream and onion,507,0
494,Old fashioned clove drops,398,3
495,Supersoft White Sandwich Rolls,233,6
496,Chia seed loaf,224,6
497,Tuc crackers original,465,1
498,Bfree Demi Baguette 2 Pack 220G,257,5
499,Jacob's mediterraneo bread crackers olive oil and oregano,437,2
500,Homemade ajver mild vegetable spread mild,137,8
501,Honey crackers,377,3
502,Swiss roll,414,2
503,Perfetto dessert,440,2
504,Brown sauce,122,8
505,Nabisco chips ahoy! chewy chocolate chip with reese's cookies,467,1
506,Crunchy muesli with banana & chocolate,442,2
507,Delicious irish potato crisps hand cooked on our farm,522,0
508,Low fat white loaf bread,209,6
509,Irish organic mussels,62,9
510,3 Seeded Wholegrain Sandwich Rolls,233,6
511,Gouda Jeune Everyday,346,4
512,Coca-Cola Zéro Sucre,0.2,10
513,Coca-Cola,42,10
514,Pois chiches boni,504,0
515,Marrons entiers,163,7
516,Bbq & choc,555.5556,0
517,Chocolate Fluffy Marshmallow Bar Dark Chocolate & Nutty Sea Salt Caramel,435,2
518,Vanden Bulcke Chocolate,542,0
519,Bread Crumbs Plain,387,3
520,Original Meatballs,306,4
521,Porthos Tuna in Oil,186.5,7
522,Solid Tuna In Vegetable Oil,197,7
523,Mangue,48,10
524,Porthos Sardinha Azeite Condimentos,240,6
525,Tremoços,124,8
526,Vieira marie biscuit,419,2
527,Calem Fine Tawny Porto,151,7
528,Dacosta 10 Years Old Porto,158,7
529,Calem Rose Porto,149,8
530,Calem Fine Ruby Porto,148,8
531,Calem Fine Ruby Porto,148,8
532,Extra virgin olive oil,800,0
533,Gourmet queijo de cabra curado aged goat cheese,383,3
534,Azeite-portugal extra virgin olive oil,800,0
535,Tuna In Soy Oil,218,6
536,Portuguese Sardines,236,6
537,Fig,207,6
538,Marine Purified Salt,0,10
539,Pollock,80,9
540,Puff-Puff Mix,332,4
541,Coco Coconut,680,0
542,Saltverk flaky sea salt,0,10
543,Piri Piri Hot Sauce,0,10
544,Nostalgic santa,476,1
545,Cookies,516,0
546,Kærgården ungesalzen,652,0
547,Full Cream Milk Powder,500,0
548,Ginger beer,19.393939393939,10
549,simply classic trail mix,210,6
550,Boreklik kombi,259,5
551,Danablu danish blue cheese,350,3
552,Goats Milk Cheese,300,4
553,Roma Style Tomatoes Puree,48,10
554,Pickled Hot Pepper,79,9
555,Uncured bacon egg & cheese pockets eggs sharp cheddar and uncured bacon wrapped in a flaky crust,259,5
556,Orzo Traditional Pasta,324,4
557,Original Salted,150,7
558,Shrimp And Vegetable Egg Rolls,120,8
559,Fruit Bites,339,4
560,caramel collection,498,1
561,BIO Łan z masłem orzechowym (Mandryl),434,2
562,BIO Owsiane z figami,380,3
563,Ciastka owsiane z agrestem,395,3
564,Jaglane z czarną porzeczką,388,3
565,Łany maślany dla dzieci (Sowa),468,1
566,BIO Słonecznikowe z agawą,390,3
567,Łany gryczany bezcukrowy (Kameleon),430,2
568,Ciastka owsiane z czekoladą,412,2
569,Jaglane z żurawiną,390,3
570,Ciastka owsiane z pestkami dyni,415,2
571,ŁANY z masłem orzechowym (Małpa),458,1
572,Kujawski 3 Ziarna,900,0
573,Rapeseed oil,900,0
574,Sonko Pieczywo Lekkie Razowe,360,3
575,Przyprawa Maggi,20,10
576,Majonez dekoracyjny,704,0
577,Czekolada gorzka z kandyzowaną skórką pomarańczy,546,0
578,Bloc de Foie Gras de Canard,448,2
579,Real Mayo Creamy and Smooth Mayonnaise,90,9
580,Chik'n Nuggets,200,6
581,Spinach frozen leaf,30,10
582,Smoked gouda cheese spread,493,1
583,Tunisian extra virgin olive oil,800,0
584,Berry Cocktail Yoghurt,105,8
585,Extra Virgin Olive Oil,800,0
586,Vermicelles de Chine en Riz,308,4
587,Excellence,47,10
588,Huile d'olive,821,0
589,NASMA HUILE D'OLIVE EXTRA VIERGE,898,0
590,Huile d'olive vierge extra,800,0
591,Extra virgin olive oil,800,0
592,Activia go,66,9
593,Organic Extra Virgin Tunisian Olive Oil,800,0
594,Spiced Sardines in Soybean Oil,329.54545454545,4
595,Huile d'olive de Tunisie vierge extra,821,0
596,AL FASSIA Olives vertes au citron,145,8
597,NASMA HUILE D'OLIVE EXTRA VIERGE,898,0
598,AL FASSIA,145,8
599,Sardines in Soybean Oil,244.44444444444,6
600,riz rond,349,4
601,Yellow Label Tea,4,10
602,Mini pound cake,404,2
603,Tart cherry cashew plant based protein superfood bar,450,1
604,Goji berry almond plant based protein superfood bar,475,1
605,Lemon matcha green tea plant based protein superfood bar,475,1
606,Deggi Mirch. Red chilli powder for curries,4,10
607,Rani Orange Canette,53,9
608,Tomato paste demeter,130,8
609,Grenade juice,24,10
610,Apricot jam apricot,260,5
611,Orange marmalade orange,260,5
612,FIG JAM,284,5
613,Vanilla custard powder vanilla,360,3
614,Barazek,285,5
615,Harva German capsules natural Weight Loss support 400 ml 30 Capsule,0,10
616,Tequila Salsa,30,10
617,Vanilla 2% icelandic style lowfat yogurt,87,9
618,Chocolate chip waffles,200,6
619,Water drink,0,10
620,Protein Genius Energy Bar,512,0
621,Fine Gourmet Dried Mushrooms,300,4
622,Strawberry Crunch Cone,322,4
623,Organic ginger powder,500,0
624,Chocolate,489,1
625,Coco lopez pina colada mix with real cream of coconut,146,8
626,Field roast vegetarian grain meat sausages mexican chipotle,272,5
627,Zero Calorie Sparkling Water With Jiuce Pink Grapefruit,0,10
628,Fre Sparkling Brut Beverage Grape,29,10
629,Golden bear beverage,29,10
630,Whole Green Beans,17,10
631,Minsa Tamales 100% Corn Flour Masa Mix,361,3
632,Peanut Butter,53.125,9
633,Chia seed drink,45,10
634,Diet snapple peach tea peach peach,2,10
635,French Onion Dip,182,7
636,Veggie Chili & Cornbread Melt,101,8
637,Soft goat cheese,200,6
638,Soft goat cheese,200,6
639,Mini pink french pie,433,2
640,Artesian water,0,10
641,White rose ultra pasteurized homogenized half & half,133,8
642,Cheddar Pierogies,138,8
643,Organic Cheese,233,6
644,Soft Fresh Goat Cheese,200,6
645,Soft Goat Cheese Tapenade,200,6
646,Soft goat cheese truffle,200,6
647,Flower cheese,200,6
648,Creamy Alfredo complete protein pasta penne,410,2
649,Green Tea With Ginseng & Honey,29,10
650,Steam Ready Sugar Snap Peas,41,10
651,Seltzer,0,10
652,Uncured Hickory Smoked Bacon,471,1
653,Tilapia Fillets,96,9
654,Instant Noodles Bowl Shrimp,458,1
655,Fruit Mochi (mango),324,4
656,Sliced carrots,16,10
657,Lay's Original Flavor Potato Chips,0,10
658,Lay’s Highland Barley Yam Aromatic Stewed Red Flavor,213.75,6
659,Chinese red dates,79,9
660,Spicy bean paste,427,2
661,Granulated chicken flavor soup base mix chicken,0,10
662,Coffee x Milk Tea,180,7
663,The au Jasmin,0,10
664,Tender tofu BBQ flavor,188.88888888889,7
665,Dried whole organic goji berries,389,3
666,Fresh goji juice,94,9
667,Jasmine tea,359,3
668,Sea salt healthy popcorn,500,0
669,Gjetost cheese,464,1
670,Freia melkerull chocolate pieces milk,550,0
671,Freia firklover chocolate tablet milk with hazelnuts,565,0
672,Freia chocolate tablet milk,550,0
673,Tine Ekte (Pure) Gjetost Cheese,429,2
674,Milk chocolate,535,0
675,Skinless norwegian salmon,190,7
676,Linda ellen's bakery danish bread chocolate,281,5
677,Linda ellen's bakery upside down cake pineapple,238,6
678,Tomato And Oregano Tortelloni,290,5
679,Plain lowfat yogurt,59,9
680,Yoplait yogurt & juice nonfat beverage pineapple mango pineapple mango,47,10
681,Bumuka cookies,333,4
682,Organic fruit spread,237,6
683,Organic jam,182,7
684,House of tsang stir-fry sauce szechuan spicy,147,8
685,Nonfat Greek Yogurt With Fruit On The Bottom,80,9
686,Rancho Gordo Stone Ground Cacao For Drinking And Cooking,497,1
687,Instant couscous,185,7
688,Pickled Hot Peppers,20,10
689,Garvi Gujarat Bhel Mix,1286,0
690,Oat cookies with fibers oat,474,1
691,Granola cookies with hazelnuts hazelnuts,500,0
692,Cracked sury olive,313,4
693,Baked whole grain energy snack,389,3
694,Medjool choice dates,277,5
695,Petit beurre biscuit orange,455,1
696,Milk chocolate coated wafer,533,0
697,Milk chocolate coated wafer fingers filled with mocha flavored cream,533,0
698,Milk chocolate coated water fingers filled with peanut butter cream,533,0
699,Sun dried tomato spread,475,1
700,Four tortillas,250,5
701,Rosman black currant preserves,250,5
702,Quinoa Bar With Tahini & Nuts,500,0
703,Basil Pesto,475,1
704,Pickled Lemon Spread,212,6
705,Date Syrup,300,4
706,Chocolate cake,440,2
707,Plopp,543,0
708,Daim chocolate bar milk,530,0
709,Baguette Oliv & Paprika,220,6
710,Elderflower candy,367,3
711,Sour raspberry candy fish,367,3
712,Aronia berry juice,47,10
713,Lemon ginger drink,8,10
714,Organic beet juice lingonberry juice,38,10
715,Turmeric sea buckthorn ginger carrot apple pear drink,48,10
716,Ginger apple lemon chili pepper 100% juice,40,10
717,Ginger thins,500,0
718,Swedish almond cake with chocolate and crunchy caramel,440,2
719,Gummies,312,4
720,Milk chocolate with gingersnap filling,600,0
721,Marabou chocolate tablet dark,525,0
722,Daim mini chocolate pieces milk with caramel,545,0
723,Marabou chocolate tablet milk with hazelnuts,565,0
724,Marabou chocolate tablet milk with orange,530,0
725,Halloumi cheese,333,4
726,Terra medi extra virgin olive oil,800,0
727,Cold Pressed Extra Virgin Olive Oil,800,0
728,Pirucream,495.2381,1
729,Soda crackers,433.33333333333,2
730,Sandwich Spread,600,0
731,Quesos hard cheese with chile,321,4
732,Milk cookies biscuits milk cookies,384,3
733,Pineapple with ginger crispy chips,321,4
734,Mixed corn biscuits mixed corn,429,2
735,Flavored mango juice drink mango,52,9
736,Dried fruits banana & pineapple bits,300,4
737,Dried fruits pineapple bits,275,5
738,Tilapia Fillet,223,6
739,Chilorio,918,0
740,Alimento Líquido de Coco,20.84,10
741,Organic mango chunks,80,9
742,Chia seeds,520,0
743,Coffee,5,10
744,Decaf coffee,250,5
745,Chocolate para mesa,472.72727272727,1
746,Tortillas de nopal,240,6
747,Maria,120,8
748,brillante tehuacan sparkling mineral water,0,10
749,Chilorio de Pollo,198,7
750,Harina de arroz,360,3
751,Tomato sauce,47,10
752,Crisp paprika,446,2
753,Brisures de biscuits,443,2
754,Milk chocolate egg filled with rolo chocolates,520,0
755,Milka tuc,515,0
756,Oreo cookies golden,486,1
757,Crackers Express,433,2
758,Oreo cookies,479,1
759,Toblerone chocolate bar milk,529,0
760,Cadbury milk tray chocolate pieces milk,516,0
761,Breakfast Biscuits Honey and Nuts,448,2
762,Cadbury dairy milk chocolate bar wholenut,550,0
763,Maynards midget gems candy,344,4
764,Milka chocolate tablet milk with daim pieces,527,0
765,Cadbury dairy milk chocolate daim,525,0
766,Trebor Extra Strong Peppermint,395,3
767,Flake Chocolate Bar 4 Pack,521,0
768,Kartoffelbrei mit Erbsen & Möhren,78,9
769,Salvado,400,2
770,Milk Caramel Spread Filled Sandwich Cookies With Chocolate Flavored Coating,426,2
771,El ceibo fine dark chocolate,560,0
772,Dark Chocolate Bar,600,0
773,harina de maiz blanco Juana,314.3,4
774,Granola Granix (cereales coco y miel),391,3
775,Red pepper strip,53.846153846154,9
776,Surtidas,466.66666666667,1
777,Maca Crispy,629.62962962963,0
778,Mozzarella di Bufala,260,5
779,All-purpose flour,353,3
780,Mozzarella cheese,85,9
781,Pony Malta,42,10
782,tapioka,100,8
783,Crema De Aji Yellow Pepper Sauce,233,6
784,Guava drink,50,9
785,Criollitas,60,9
786,Protein milk,38,10
787,flics,10,10
788,Marmelade de Mora,41,10
789,Mariola de Banana com Goiaba,80,9
790,Quinoa with mushrooms,377.77777777778,3
791,Quinoa with Chili & Paprika,355.55555555556,3
792,Nutella,107,8
793,Hearts of palm,45,10
794,Bolo sem gluten,351.06382978723,3
795,Vitao granola,420,2
796,pan integral lizana y chia,239,6
797,M&M's,465,1
798,Vanilla brazil nuts spread,610,0
799,Cocoa + vegetable protein 100% natural brazil nuts beverage,109,8
800,Brazil nuts flour,540,0
801,Brazil nuts + cocoa spread,590,0
802,Cinnamon brazil nuts spread,610,0
803,Three crabs fish sauce,40,10
804,Atlantic Cod Filletts,82,9
805,Double Chocolate,83,9
806,Rosa Florentine Pasta Sauce,86,9
807,Yogurt Pretzels Blueberry,475,1
808,Whole berry cranberry sauce,160,7
809,Red Wine Vinegar A Blend Of Cabernet Sauvignon Vinegar & Reduced Grape Must Unfiletered Naturally Aged In Oak Barrels,130,8
810,Panettone,377,3
811,Gran gelées di zuccheri agrumi,252,5
812,Nestle crunch milk chocolate with crisp cereals bar hazelnut,547,0
813,Biscotti with almonds,366.6667,3
814,Biscotti with figs,266.6667,5
815,arachidi pralinate,489,1
816,Frantoia huile d'olive,840,0
817,Sugo di pomodoro alla puttanesca with olives and capers,104,8
818,Sfogliatina bio crema cacao,544,0
819,JAM,266,5
820,Sfogliatine,517.2414,0
821,Tilapia fillets,82,9
822,Basil pesto,467,1
823,Tomato with onion & basil pasta sauce tomato with onion & basil,36,10
824,Tomato & ricotta pasta sauce tomato & ricotta,144,8
825,Pistachio pesto,367,3
826,Classic european collection cookies,536,0
827,Garlic basil linguine,375,3
828,Golden egg pappardelle,393,3
829,Lasagne,357,3
830,Rice beef,339,4
831,Yum Yum Sauce Light,80,9
832,Real Aloe Vera Juice,29,10
833,Vannamei Shrimp,95,9
834,Orange Drink From Concentrate Orange,33,10
835,Sweet flatbread with sevilla oranges,477,1
836,Mini Sweet Peppers,29,10
837,Mini Vanilla Cream Puffs,250,5
838,Parmesan & Garlic Potatoes,91,9
839,Butternut squash filled ravioli in a butter & sage sauce,201,6
840,Premium 100% Apple Juice,50,9
841,CALDO PAELLA,30,10
842,Vegetable medley with chunk light tuna,96,9
843,Altramuces,104,8
844,Bebida de almendra + calcio,148,8
845,Tortillas de trigo,299,5
846,Bebida de soja chocolate,71,9
847,Sardinas en aceite de oliva,294,5
848,Chips aromatisées saveur Truffe,588,0
849,Melocotón light,25,10
850,Almendras tostadas,620,0
851,Sandwich pan con cereales bajo grasa rico fibras completo,254,5
852,Caldo de pescado natural,8,10
853,Risotto mediterráneo,345,4
854,Rioverde Mazorquitas Maiz 170 g,40,10
855,Orange tortas Cheese's BEST Friend,464,1
856,Pechuga de pavo Gustosísimo,75,9
857,Coctel de América,501,0
858,Family wafers Hazelnuts,534,0
859,Gourmet meat sauce,86,9
860,Caballero Maliny kompot,90,9
861,Plantain strips,490,1
862,Spicy tree oyster mushroom jerky,286,5
863,Premium mineral water,2,10
864,Mom's apple pie bar,555,0
865,Organic coconut water,21,10
866,Peanut butter cookies,500,0
867,Original horcice,140,8
868,Medjool dates,304,4
869,chewing-gum sans sucre à l'amenthe verte,148,8
870,Smoki,521,0
871,Orient,527.7778,0
872,FEEL MORE cloudy apple juice,191,7
873,Sour cherry,200,6
874,Tomato Paste,103,8
875,Yellow curry paste,333,4
876,Fair Gold Yaourt/Fruits rouges,161,7
877,Organic Figs,300,4
878,Chocolate sandwich,42.904290429043,10
879,PUTR SUNFLOWER OIL,119,8
880,Luppo cake bite choco,439,2
881,Erbsen,72,9
882,Turkish Delight with Pomegranate,170,7
883,Gummi peach rings,367,3
884,Jungle gummi animals,333,4
885,Milk chocolate with creamy fill,533,0
886,Premium turkish extra virgin olive oil,800,0
887,Heinz Sauce Cocktail,399,3
888,Gemüse Bouillon,4,10
889,Margarine,571.4286,0
890,Rama mit butter,625,0
891,Schwip Schwap Zero,1,10
892,White Beans - Witte Bonen (haricots Blancs) - 12oz,125,8
893,Delikatess Brühe,3,10
894,Pea Soup Mix,42,10
895,Thé infusé glacé,18,10
896,Fischsauce,55,9
897,Maekrua Oyster Sauce,67,9
898,Lait De Coco AROY-D 1L,185,7
899,Taekyung Red Pepper Powder,4,10
900,Thai drink tea,70,9
901,Nang Fah (Tue Kung) Instant Duck Flavor Paste,307,4
902,Sesame roasted natural seaweed,580,0
903,Mi Goreng Plat de Nouilles instantanées - 80 g - Mama,200,6
904,Tom Yum,329.4118,4
905,Tonkatu Sauce,73,9
906,Crème de coco onctueuse,241,6
907,Rosted sunflower seeds,180,7
908,Coconut Water,20,10
909,Marine boy,475,1
910,Aroy-D 100% Coconut Milk Original,175,7
911,Original gluco biscuits,466.6667,1
912,Haldiram's Moong Dal,457,1
913,Tropicana Mixed Fruit Delight,56,9
914,Cappuccino,43,10
915,Chocolate Cream Wafer,40,10
916,Special Chicken Instant Noodles,453.33333333333,1
917,Punjabi sarsoon da saag,455,1
918,Haldiram's boondi masala,543,0
919,Kashmiri Mixture,542.8571,0
920,Sa Giang Shrimp Chips(1big Shrimps Infront) 200GX55 [ Upc# ],352,3
921,Jamun Fruit Nectar Blend,45,10
922,Alphonso Mango,60,9
923,50-50 Crackers,484,1
924,Matsha and marshmallow chocolate pie,1500,0
925,Minute Khana Lachcha Paratha,350,3
926,Cherries in Liqueur,426,2
927,Mehl Universal,337,4
928,Rindsgulasch,96,9
929,Cherry fruit bar,200,6
930,Maître truffout &quot; truffles&quot;,611,0
931,Cracker Mit Sesam 250g Packung Stiratini,449,2
932,Orange Juice,45.8333,10
933,Hickory smoked thick sliced bacon hickory smoked,462,1
934,Swisse Hair Skin Nails,1,10
935,Salted caramel protein balls,470,1
936,Organic coconut water,35,10
937,The natural confectionery co. candy jelly snakes,335,4
938,Fresh licorice,20,10
939,Dinosaurs,1380,0
940,Coconut amino sauce,800,0
941,100% pure clarified ghee butter,847,0
942,Choc matcha probiotic ball choc matcha,475,1
943,Berry probiotic ball clever wellness snack berry probiotic ball,475,1
944,Choc brownie protein ball clever wellness snack choc brownie protein ball,475,1
945,Low carb classic chocolate bar,450,1
946,Classic chocolate protein performance chocolate bar,556,0
947,Classic chocolate snack size monster bites bars,417,2
948,Parker's organic lightly sparkling ginger beer,37,10
949,Ginger beer,45,10
950,Coconut mochacinno,64,9
951,Coconut double shot espresso,66,9
952,Black chia,513,0
953,Vegie penne,340,4
954,Himalyan pink fine salt,0,10
955,Choc hazelnut,305,4
956,Corned Beef Hash,410,2
957,Manuka honey,286,5
958,Manuka honey,286,5
959,Certified umf manuka honey,286,5
960,Certified umf manuka honey,286,5
961,Pomegranate fruit paste,367,3
962,Pyramid tea bags,0,10
963,Pure natural new zealand honey,286,5
964,Green oolong tea with manuka,0,10
965,Gold kiwi blend reviver,58,9
966,Gold kiwifruit honey gold kiwifruit,290,5
967,Naturally alkaline artesian water,0,10
968,Caldereta Corned Beef,286,5
969,Peanut Butter,567,0
970,Smooth peanut butter,567,0
971,Crunchy Peanut Butter,567,0
972,Peanut Butter,567,0
973,Mussels,119,8
974,Steamed Puddings,294,5
975,Pâte de curry rouge Ayam™,144,8
976,Curry Paste For Beef Rendang Medium,196,7
977,Bio coffee,77.6,9
978,Alphameta,392,3
979,Sour popping candy with lollipop passion fruit grape lemon,400,2
980,Ayam brand sardines in tomato sauce,143,8
981,Crackers,486,1
982,Sugar Crackers,441,2
983,Lee Special Crackers,473,1
984,Chewy Candy,400,2
985,Goldwilly original instant chrysanthemum tea chrysanthemum chrysanthemum,389,3
986,Ayam Malaysian Satay Sauce Mild,200,6
987,Ayam brand mackerel in tomato sauce,196,7
988,Ayam brand sardines in chili oil,321,4
989,Ayam brand sardines in spicy tomato sauce chili and lime,143,8
990,Ayam brand sardines in extra virgin olive oil,286,5
991,Chili sauce,59,9
992,Ayam brand sardines in teriyaki sauce,196,7
993,Ayam brand sardines in kung pao sauce,196,7
994,Ayam Medium Thai Satay Sauce Lemongrass And Tamarind,224,6
995,Pate de curry jaune thai,124,8
996,Monari fererzoni balsamic vinegar of modena glaze,222,6
997,Specially selected smoked gouda cheese,393,3
998,Premium onzas,353,3
999,Taco seasoning mix,333,4
1000,Raspados Ice Bars,88,9
1001,Boules de soja,417,2
1002,Zotz Fizzz Power Blue Raspberry Candy Blue Raspberry,300,4
1003,Creamy peanut butter spread,606,0
1004,Light Dressing,80,9
1005,Deluxe Cashews,607,0
1006,Food club popcorn butter light,424,2
1007,Organic Earl Grey Tea,0,10
1008,Nabisco mini chips ahoy! real chocolate chip cookies,500,0
1009,stackerz,150,7
1010,Slow Churned Cookies'n CreamDreyer's Ice Cream,150,7
1011,Dragon fire beef  hache steak,129,8
1012,Raisin Brand,200,6
1013,Elbow Macaroni Pasta Enriched Macaroni Product,357,3
1014,Select Choice • Chocolate Chip Granola Bar,100,8
1015,Chicken bbq pizza,290,5
1016,Entenmann's cake louisiana crunch,394,3
1017,Sun Sprout Clover Sprouts Clover,29,10
1018,Creamy Caesar Yogurt Dressing,45,10
1019,Honey Cured Boneless Ham Steak,131,8
1020,Haricots certs - green beans,25,10
1021,Cabillaud à l’oseille,79,9
1022,Migros rôti anglais,121,8
1023,Pecan Halves,200,6
1024,Mild coconut korma indian simmer sauce,72,9
1025,Cookies chocolat noisettes,516,0
1026,Whole Milk Fresh Cheese,321,4
1027,Cheat Spread,577,0
1028,Original no salt added potato chips original,571,0
1029,Exubérance vanille pecan et caramel,281.818181818182,5
1030,Original lemonade original,50,9
1031,Wing sauce & glaze,100,8
1032,Sedona spanish queen whole green olives,167,7
1033,Red Seaweed Pearls,0,10
1034,Olives Ripe,167,7
1035,Vanilla Flavored Sandwich Cookies,440,2
1036,Lingonberry drink concentrate,200,6
1037,Weis hot sauce,0,10
1038,Reese's spreads peanut butter chocolate peanut butter chocolate,514,0
1039,Dark cherry vanilla kombucha,17,10
1040,Honey,333,4
1041,Plain Tortillas,236,6
1042,Organic Ceylon Cinnamon Powder,15,10
1043,4% Milkfat Large Curd cottage cheese,110,8
1044,Juice Cocktail Pomegranate,55,9
1045,Oscar mayer thick cut bacon hardwood smoked,500,0
1046,Michele's granola cinnamon raisin,500,0
1047,Buckwheat Pudding Vanilla Bean Cashew,106,8
1048,Kafferep,160,7
1049,Rendered Duck Fat,857,0
1050,Sylt Lingon,166.66666666667,7
1051,Bar-B-Que Sauce,0,10
1052,Mashed malanga,403,2
1053,Gelato Sea Salt Caramel,229,6
1054,Mini marshmallows,333,4
1055,Philadelphia fat free cream cheese,91,9
1056,Okf Aloe Vera Drink Peach,38,10
1057,Grönsaksbullar Vegetable Balls (ikea),173.6111,7
1058,Sylt Hjortron Cloudberry Jam,248,6
1059,Mott's natural applesauce,41,10
1060,Tilapia skinless boneless individually wrapped fillets tilapia,88,9
1061,Coconut sugar,391,30,Boules de soja,417,2
1062,Zotz Fizzz Power Blue Raspberry Candy Blue Raspberry,300,4
1063,Creamy peanut butter spread,606,0
1064,Light Dressing,80,9
1065,Deluxe Cashews,607,0
1066,Organic Earl Grey Tea,0,10
1067,Food club popcorn butter light,424,2
1068,Dragon fire beef  hache steak,129,8
1069,Elbow Macaroni Pasta Enriched Macaroni Product,357,3
1070,Nabisco mini chips ahoy! real chocolate chip cookies,500,0
1071,Slow Churned Cookies'n CreamDreyer's Ice Cream,150,7
1072,stackerz,150,7
1073,Raisin Brand,200,6
1074,Select Choice • Chocolate Chip Granola Bar,100,8
1075,Sun Sprout Clover Sprouts Clover,29,10
1076,Honey Cured Boneless Ham Steak,131,8
1077,Entenmann's cake louisiana crunch,394,3
1078,Creamy Caesar Yogurt Dressing,45,10
1079,Chicken bbq pizza,290,5
1080,Haricots certs - green beans,25,10
1081,Migros rôti anglais,121,8
1082,Pecan Halves,200,6
1083,Cabillaud à l’oseille,79,9
1084,Mild coconut korma indian simmer sauce,72,9
1085,Cookies chocolat noisettes,516,0
1086,Whole Milk Fresh Cheese,321,4
1087,Cheat Spread,577,0
1088,Original no salt added potato chips original,571,0
1089,Exubérance vanille pecan et caramel,281.818181818182,5
1090,Original lemonade original,50,9
1091,Wing sauce & glaze,100,8
1092,Sedona spanish queen whole green olives,167,7
1093,Red Seaweed Pearls,0,10
1094,Olives Ripe,167,7
1095,Vanilla Flavored Sandwich Cookies,440,2
1096,Lingonberry drink concentrate,200,6
1097,Weis hot sauce,0,10
1098,Reese's spreads peanut butter chocolate peanut butter chocolate,514,0
1099,Dark cherry vanilla kombucha,17,10
1100,Honey,333,4
1101,Plain Tortillas,236,6
1102,Organic Ceylon Cinnamon Powder,15,10
1103,4% Milkfat Large Curd cottage cheese,110,8
1104,Juice Cocktail Pomegranate,55,9
1105,Michele's granola cinnamon raisin,500,0
1106,Oscar mayer thick cut bacon hardwood smoked,500,0
1107,Buckwheat Pudding Vanilla Bean Cashew,106,8
1108,Kafferep,160,7
1109,Rendered Duck Fat,857,0
1110,Naturally leavened sourdough bread,200,6
1111,Instant Long Grain Rice,364,3
1112,NRG,0,10
1113,Vine Dried Grapes,120,8
1114,ALFAJOR MIXTOS 18 UNID FIGUERI,118,8
1115,Formula 1 healthy meal,380,3
1116,CR7 Drive,52,9
1117,Herbal Aloe Concentrado,0,10
1118,Protein Drink Mix,110,8
1119,Fórmula 1 Express,207,6
1120,Mélange pour boisson protéinée,387,3
1121,Liftoff,10,10
1122,Niteworks,0,10
1123,Barra con Proteína,170,7
1124,Polvo para preparar bebidas,70,9
1125,Herbalife free vanille formula 1,356,3
1126,Alimento equilibrado,398,3
1127,Dosa khakhra,21,10
1128,California Bear Poop,210,6
1129,Serious Meat Pizza,277,5
1130,Terrasoul,95,9
1131,Modern trim,50,9
1132,WW flavored snack bar chocolate caramel,315.78947368421,4
1133,Pizza Seasoning,1,10
1134,Elderberry sambucus tonic,5,10
1135,Electrolyte powder,0,10
1136,Legion Whey (French Vanilla),100,8
1137,MCT Oil,130,8
1138,Smooth And Delicious Double Dark Chocolate Ice Cream Dark Chocolate,247,6
1139,Skillet Lasagna With Brown Rice Pasta,354,3
1140,Cheerios Honey Nut,378.37837837838,3
1141,Lucky Charms,388.88888888889,3
1142,Cheerios,11.111111111111,10
1143,Diet Mountain Dew,10,10
1144,Milk,38,10
1145,Break Free 100% Liquid Egg White,54,9
1146,Sweet & Creamy Iced Coffee Drink Mocha,38,10
1147,100% Juice Orange,46,10
1148,Top of the Rock Spring Water,0,10
1149,Beer,96,9
1150,Nice! Cream of Chicken Soup,110,8
1151,Crunchy Granola Bars,452.38095238095,1
1152,Soft baked originals milk chocolate chip,130,8
1153,Hawaiian style BBQ Sauce Organic,85.7143,9
1154,Dark chocolate baton,200,6
1155,Cheese Pizza,340,4
1156,Sicilian Style Chicken Parm,0.41,10
1157,Organic ancient grain and seed bread,269,5
1158,Micro Kale Mix,29,10
1159,Cotton Candy Liquid Infusions For Milk,0,10
1160,Chunk White Albacore Tuna In Water,107,8
1161,Golden Curry Mild,478,1
1162,Peach Soda Peach,48,10
1163,Mustard,400,2
1164,Monkfruit Sweetener,0,10
1165,Pizza Sauce,62,9
1166,100% pomegranate juixe,170,7
1167,Tree Ripened Since 1894,139,8
1168,Natural Sharp Cheddar Cheese,393,3
1169,Mashed Sweet Potatoes & Carrots With Brown Sugar,98,9
1170,Ambrosoli Candy,400,2
1171,Del Monte Sliced Peaches,100,8
1172,Mandarin Oranges In Light Syrup,66,9
1173,Choice Yellow Cling Peaches Slices In Light Syrup,56,9
1174,Pink Lemonade,278,5
1175,Yellow Freestone Sliced Peaches,79,9
1176,Fancy Quartered Artichoke Hearts,54,9
1177,Applesauce,62,9
1178,Genuine Dill,100,8
1179,Premium Pickles,0,10
1180,Choice Bartlett Pears Halves,48,10
1181,Peach Slices,63,9
1182,Pitted Cherries With Stems,200,6
1183,Whole Berries In Light Syrup,79,9
1184,Sweet Memory Peaches,62,9
1185,Whole Berry Cranberry Sauce,143,8
1186,Grapefruit,67,9
1187,Choice Unpeeled Apricots Halves In Heavy Syrup,94,9
1188,Apple Sauce,69,9
1189,Creamy Mints,423,2
1190,Fancy Golden Pineapple Chunks,49,10
1191,Apple Sauce,56,9
1192,Purple Plums In Heavy Syrup,77,9
1193,Apple Apricot Sauce,56,9
1194,Jellied Cranberry Sauce,143,8
1195,Liquid Water Enhancer,0,10
1196,Original tuscan almond biscotti,500,0
1197,Dark chocolate blood orange,120,8
1198,Oatmeal gluten free chia and flax,210,6
1199,Boisson instantanée,360,3
1200,Coco twist roasted & sprinkled with coconut pecans snacks,536,0
1201,Hansen's soda grapefruit,42,10
1202,Seafood Steamers,571,0
1203,Chili seasoned diced tomatoes,28,10
1204,Activia Greek Vanilla,140,8
1205,Saint Albray,365,3
1206,Fresh salsa,5,10
1207,Fanta soda orange,29,10
1208,Mushroom bisque,180,7
1209,Corn Tortilla Taquitos,120,8
1210,Mars,443,2
1211,NOGGER - Das Original,320,4
1212,Weissbier Alkoholfrei,25,10
1213,Yakult light,31,10
1214,couscous legumes,146,8
1215,Applesauce cinnamon,80,9
1216,Sour patch kids heads,363.63636363636,3
1217,Dino Buddies,223.68421052632,6
1218,Traditional organic hummus snack cups,246,6
1219,Bacon,500,0
1220,Jumbo Biscuits,316,4
1221,French Lentils,354,3
1222,Cottage cheese large curd,120,8
1223,Whole Wheat Flour Tortillas,130,8
1224,Toblerone chocolate bar milk,529,0
1225,CRISPY ONIONS,39,10
1226,Mutti Polpa Tomatenfruchtfleisch,26,10
1227,7up free flavoured soft drink with sweeteners lemon and lime,1,10
1228,Skinny Pop white cheddar,140,8
1229,Roasted Salted Pumpkin Seeds Non-GMO,180,7
1230,Chocolate bars,564,0
1231,Natural key lime pie chewy granola bars,414,2
1232,Alaskan Keta Salmon Skinless Fillets,120,8
1233,Maraschino Cherries,200,6
1234,Complete breakfast smoothie,1485,0
1235,Peptopro,400,2
1236,Pure Whey Protéine,416.666666666667,2
1237,1% Lowfat Cottage Cheese,80,9
1238,IsaLean Shake,393.44262295082,3
1239,IsaLean Shake,250,5
1240,Self Rising Crust Jalapeno Bacon Pizza,244,6
1241,Jet-Puffed,100,8
1242,Breadsticks garlic,320,4
1243,Shell-on shrimp,107,8
1244,Mini bagels,279,5
1245,Teriyaki beef with pineapple rice,124,8
1246,Cream Of Mushroom Condensed Soup,57,9
1247,Cooked Shrimp Peeled And Deveined Tail Off,94,9
1248,Pear Nectar,54,9
1249,Herbal Tea,0,10
1250,Coquillettes,348,4
1251,Ones California Prunes,250,5
1252,Avena Oatmeal Smoothie Cinnamon,75,9
1253,Formula 1,360,3
1254,Jumbo black pitted olives,200,6
1255,Organic apple cider vinegar,0,10
1256,Fresh frozen vegetables mixtures,42,10
1257,Fresh frozen vegetables mixtures,80,9
1258,Vegetable Oil Spread,500,0
1259,Vanilla chocolate & strawberry ice cream vanilla chocolate & strawberry,200,6
1260,Orange sherbet orange,118,8
1261,Strawberry swirl ice cream strawberry swirl,200,6
1262,Rainbow sherbet rainbow,129,8
1263,Clover honey,286,5
1264,Vanilla ice cream vanilla,200,6
1265,Clover honey clover,286,5
1266,Cookies & cream ice cream cookies & cream,215,6
1267,Clover honey,286,5
1268,100% organic honey,286,5
1269,Clover honey,286,5
1270,All purpose iodized salt,0,10
1271,All purpose salt,0,10
1272,Sweetened corn cereal,400,2
1273,Distilled white vinegar,0,10
1274,Malt Vinegar,0,10
1275,Distilled White Vinegar,0,10
1276,Apple Cider Vinegar,0,10
1277,Apple Cider Vinegar,0,10
1278,Apple Cider Vinegar,0,10
1279,Distilled White Vinegar,0,10
1280,Red wine vinegar,0,10
1281,Distilled White Vinegar,0,10
1282,Vinegar,0,10
1283,Apple Cider Vinegar,0,10
1284,Instant Lunch Ramen Noodles With Vegetables Chicken,453,1
1285,Applewood smoked thick cut bacon,500,0
1286,UCC Hawaii Kona Blend Coffeee With Milk,90,9
1287,Jam blackberry,250,5
1288,Jelly mixed fruit,250,5
1289,Manzanilla olives,167,7
1290,Signature chicken caesar wrap,185,7
1291,Cherry Blossom Kombucha,32,10
1292,Tuna in water,89,9
1293,Cookies,484,1
1294,Long grain white rice,356,3
1295,Vanilla low fat yogurt,94,9
1296,Organic cheese pizza,204,6
1297,Raw cherries berries & nuts,500,0
1298,Hamburger rolls,282,5
1299,New england style hot dog rolls new england style,282,5
1300,Hot dog rolls made with enriched wheat flour,282,5
1301,Breaded chicken and cheese croquettes,214,6
1302,Flavored syrup,47,10
1303,Protein Juice Smoothie,89,9
1304,Wild Caught Sea Scallops,89,9
1305,Tilapia fillets,94,9
1306,Shredded hash browns,83,9
1307,Southern style hash browns,83,9
1308,Parmesan style shredded cheese,321,4
1309,Kettle cooked crinkle potato chips white cheddar horseradish,500,0
1310,Pasta sauce meat,65,9
1311,Instant mashed potatoes butter & herb,348,4
1312,Enriched hot dog buns,256,5
1313,Sunflower Butter Creamy,200,6
1314,Italian Bread,228,6
1315,Tilapia Savory Fusion,127,8
1316,Sparkling Ice + Caffeine,5,10
1317,Ground round,125,8
1318,Dark chocolate european cocoa mix,371,3
1319,Tzatziki yogurt dip cilantro & garlic,107,8
1320,Slices orange,349,4
1321,Premium dried fruit,282,5
1322,Oatmeal apple cinnamon almond with cranberries,397,3
1323,Liquid water enhancer with electrolytes and vitamins b3 b6 b12 performance grape,0,10
1324,Crushed seeds pomegranate,68,9
1325,Brown & wild rice,184,7
1326,Strawberry Lemonade Coffee,25,10
1327,Caesar croutons,150,7
1328,Pecans,700,0
1329,Cheerios Oat Crunch (Cinnamon),400,2
1330,Odwalla Protein Shake Vanilla,380,3
1331,Flake style imitation crabmeat,129,8
1332,Wrigley's doublemint gum,370,3
1333,Gummies sours,350,3
1334,Original gummies cherry orange strawberry & lemon,325,4
1335,Candies,400,2
1336,Chunky habanero salsa,29,10
1337,Boneless chicken wyngz,179,7
1338,Boneless chicken wyngz,238,6
1339,Southern style breast tenderloins,214,6
1340,Chicken breast fillets,214,6
1341,Chicken strips,238,6
1342,Parmesan herb encrusted chicken strips,262,5
1343,Chicken Breast Strips,226,6
1344,Smok-Y Breakfast Sausage,319,4
1345,Jack cheese,357,3
1346,Monterey jack cheese,357,3
1347,Land lakes,50,9
1348,Chips sel et vinaigre,1,10
1349,Wrigleys 5 Gum Mystery Mint Maze,185,7
1350,Tilapia,116,8
1351,High Liner Sea Cuisine Asian Spice Tilapia,63,9
1352,Deep Dish Brownie Peanut Butter,406,2
1353,Organic Animal Cookies,130,8
1354,Pure goat milk cheese,214,6
1355,Coconut & Peanut Spread,594,0
1356,Salmon,139,8
1357,Applewood smoked salmon,152,7
1358,Italian pesto cod,136,8
1359,Fruit frenzy,375,3
1360,Quaker Chewy Granola Bars Chocolate Chip - 8 CT,400,2
1361,Rice Krispies,390,3
1362,Oatmeat dinosaur,380,3
1363,Activa Strawberry Yogurt,90,9
1364,Quaker Oats Quick 1 - Minute Oatmeal,375,3
1365,Yaourt myrtille lait entier,140,8
1366,Coca cola zero Orange Vanille,0,10
1367,Marble sliced loaf cake with vanilla-flavored icing,380,3
1368,Lemon flavored sliced loaf cake with lemon-flavored icing,380,3
1369,Mild cheddar shredded natural cheese mild cheddar,393,3
1370,Chocolate chip mini muffins,402,2
1371,Yam,118,8
1372,Organic Semi-Sweet Chocolate Chips,533,0
1373,Mashed Potatoes,348,4
1374,Recipe soup & dip mix onion,286,5
1375,Panko bread crumbs,367,3
1376,Nice ! Flavored sparkling water PEACH,0,10
1377,m&m milk chocolate,140,8
1378,Olive oil,120,8
1379,Pumpkin spiced chai flavored tea bags,250,5
1380,Gluten free chocolate chip cookies,400,2
1381,Honey straws,286,5
1382,Gatorade thirst quencher,120,8
1383,Uncrustables,320,4
1384,Original 100% Vegetable Juice - V8 - 11.5 FL Oz (340 ML),60,9
1385,Wheat crackers,120,8
1386,Chia Vitality Beverage,41,10
1387,Smoked chicken breast,121,8
1388,Sunflower Oil,800,0
1389,Low-cal silver energy drink,2,10
1390,Peppermint candy canes peppermint,357,3
1391,Chicken cooking stock,6,10
1392,Gravlax smoked salmon gravlax smoked,232,6
1393,Farm raised peppercorn smoked salmon,179,7
1394,Wild caught alaskan sockeye smoked salmon smoked salmon,161,7
1395,Sweet & gummy candy fruit slices,333,4
1396,Root beer barrels hard candy root beer barrels,462,1
1397,Orange slices fruity chewy candy orange slices,333,4
1398,Spearmint leaves minty fresh chewy candy spearmint leaves,333,4
1399,Spice drops colorful spiced candy,333,4
1400,Starlight mints peppermint peppermint,400,2
1401,Citrus peanuts sweet peanut-shaped soft candy citrus peanuts,375,3
1402,Farm raised smoked salmon,179,7
1403,Sashimi style norwegian smoked salmon,179,7
1404,Steamready riced cauliflower,24,10
1405,Russet potatoes,81,9
1406,Belgian waffles,308,4
1407,Mocha coffee creamer peppermint,233,6
1408,Deep-dish pie crust,429,2
1409,Vanilla Milk Chocolate Almond,290,5
1410,Strawberry fruit & grain low fat cereal bars strawberry,378,3
1411,Homestyle chicken breast strips for stir-fry,106,8
1412,Homestyle chicken breast portioned pieces homestyle,106,8
1413,Homestyle biscuits,233,6
1414,Buttermilk biscuits buttermilk,233,6
1415,Thousand island salad dressing,323,4
1416,Honey bbq chicken breast honey bbq,118,8
1417,Herb & garlic chicken breast,112,8
1418,Sharp cheddar cheese sticks,417,2
1419,Cage free large brown eggs,120,8
1420,Beef stew meat,195,7
1421,Boneless pork country style ribs,133,8
1422,Macaroni & cheese original rich & cheesy,343,4
1423,Non-pareil capers,33,10
1424,Turkey gravy,75,9
1425,Half & half,133,8
1426,Meat lasagna,124,8
1427,Meat lasagna,122,8
1428,Whole jalapeno peppers,33,10
1429,Therapeutic nutrition,146,8
1430,Spanish peanuts salted,571,0
1431,Dry roasted peanuts,571,0
1432,Machu pichu organic exotic fruit & nut mix,467,1
1433,All natural premium cuts of chorizo pork chorizo,357,3
1434,Non-smoked provolone sliced cheese provolone,348,4
1435,Chicken broth chicken,4,10
1436,Chicken stock,8,10
1437,100% pure maple syrup,333,4
1438,Semi-sweet chocolate chips chocolate,467,1
1439,Cooking spray with flour,0,10
1440,Chili sauce,103,8
1441,Coconut flakes,467,1
1442,Cooking no stick spray made with soy oil,0,10
1443,No stick cooking spray butter,0,10
1444,Gourmet edible cookie dough chocolate chip,360,3
1445,Double chocolate walnut,435,2
1446,Milk chocolate chips cookies milk chocolate chips,467,1
1447,Coconut flakes,467,1
1448,Semi-sweet chocolate chips semi-sweet chocolate,467,1
1449,Black beans,85,9
1450,Complete plant protein chocolate,45,10
1451,Protein powder banana cream,357,3
1452,White corn tamale,210,6
1453,Chili Glazed Tilapia With Asian Rice,103,8
1454,Rotisserie Chicken,200,6
1455,Greek nonfat yogurt & sauce,71,9
1456,Instant Lunch Ramen Noodles With Vegetables Chicken Tortilla,453,1
1457,Lowfat Milk Chocolate,62,9
1458,Organic dark chocolate raspberry quinoa crunch keto snaps,607,0
1459,Mild & mellow natural rice vinegar,0,10
1460,Tender browned turkey breast,89,9
1461,Fovorites Sour Neon Worms Wiggly Tart Candy,333,4
1462,Ice cream,244,6
1463,Hot & Spicy Peanuts,567,0
1464,Delyssa Olive Oil,800,0
1465,Gaucho Ranch Chimichurri - Marinade Condiment Dipping Sauce Hot,267,5
1466,Dino Shapes Macaroni And Cheese Dinner,371,3
1467,Original Caramel Sauce Caramel,400,2
1468,Cured Pork Fatback,571,0
1469,Jalapeno & Cheddar Pork Patties,272,5
1470,Sweet Hawaiian Sandwich Buns,266,5
1471,Granola Nuggets,433,2
1472,Smooth & Creemy Brie,357,3
1473,Nitro Cold Brew Water + Coffee,9,10
1474,Frosted Sugar Cookies,421,2
1475,Onion Olives,100,8
1476,Almond Olives,100,8
1477,Beer Olives,100,8
1478,Ritrovo Durum Wheat Semolina Pasta With Rehidrated Spinaches,355,3
1479,Onion Olives,100,8
1480,Blue Cheese Olives,100,8
1481,Vermouth Olives,100,8
1482,Bbq Sauce,152,7
1483,Mini Candy Canes,412,2
1484,Diced carrots,49,10
1485,Macaroni And Cheese,239,6
1486,Chia pod,94,9
1487,Black Chia,513,0
1488,Mead Johnson Nutrition Enfagrow Milk Drink,444,2
1489,Colby Cheese,393,3
1490,Cerelime Butter Biscuits With Dark Chocolate,480,1
1491,Mini Filled Candies With Pure Fruit Pulp,357,3
1492,The Chia Co. Chia Pod Banana,100,8
1493,Assorted Chocolates,550,0
1494,Black Tea,15,10
1495,Lemon Tea Drink,56,9
1496,Oaxaca Semi-Soft Cheese,286,5
1497,Old Fashioned Popcorn Red Velvet,433,2
1498,Kasugai Seika Co. Kasugai Squid Pea Snack,500,0
1499,Deluxe Shells & Cheddar Dinner,319,4
1500,Dressing + dip,607,0
1501,Smoothie Fixins',400,2
1502,Baked lentil chips,429,2
1503,Apricot Energy Bar,371,3
1504,Raw Pumpkin Seed Butter,714,0
1505,Peppermint Truffles,455,1
1506,Smoked Uncured Beef Slices,233,6
1507,Sea Salt Caramel,231,6
1508,Herbapol Tea Bags,0,10
1509,Maison Biscuits,478,1
1510,Chocome Carre Milk Chocolate Caramel Pecans Sea Salt With Tahitian Vanilla,580,0
1511,California fruit mix,321,4
1512,Red velvet old fashioned popcorn,433,2
1513,Natural raw pumpkin seed kernels,546,0
1514,Back bay rainbow mix,500,0
1515,Roasted pumpkin seeds kernels,525,0
1516,Protein bar,388,3
1517,Slices,353,3
1518,Spicy Crab Rangoon,259,5
1519,Tropical mango premium frozen fruit bars dipped in greek yogurt coating tropical mango,218,6
1520,Crazy corn blend,82,9
1521,Classic Guacamole,200,6
1522,California Apricots,243,6
1523,Cashews,475,1
1524,Pumpkin pie almonds,550,0
1525,Natural pinenuts,679,0
1526,Cookies,321,4
1527,Cotton Candy,393,3
1528,Bar,391,3
1529,Organic fancy cut low-moisture part-skim mozzarella cheese mozzarella,357,3
1530,Chocolate chunk cookies,469,1
1531,Get lean & toned bars,420,2
1532,Authentic guacamole,175,7
1533,Soy sauce,34,10
1534,Soft & chewy oatmeal bars,375,3
1535,Shelled Pecans,714,0
1536,Sliced Almonds,607,0
1537,Mini baking chips real semisweet chocolate,467,1
1538,Shelled Walnuts,679,0
1539,White Confectionery Baking Chips,533,0
1540,Slivered Almonds,607,0
1541,Shelled Walnuts,679,0
1542,Baking chips butterscotch,533,0
1543,Chopped Walnuts,679,0
1544,Sliced Almonds,607,0
1545,Chopped Walnuts,679,0
1546,Hand crafted uncured italian salami,357,3
1547,Gourmet gum,200,6
1548,Garlic herb hummus,312,4
1549,Teriyaki chicken,95,9
1550,Trail mix bars,525,0
1551,No salt peanut butter,594,0
1552,Mixed olive salad,179,7
1553,Beef jerky,179,7
1554,Cubella tiramisu frozen dessert,282,5
1555,Dark Chocolate Covered Dried Cherries,467,1
1556,Crispy Seaweed Strips,300,4
1557,Sliced provolone cheese,286,5
1558,Tomato Orleans Dressing,400,2
1559,Boom bites,233,6
1560,Craft chocolate bar,512,0
1561,Gone nuts handmade gourmet granola,500,0
1562,Sandwich Cookies,485,1
1563,Trail sprouts,429,2
1564,Smart Tenders Plant-Based Chicken,80,9
1565,M&m's chocolate candies peanut peanut,507,0
1566,Apple Juice Drink With Natural Mineral Water,60,9
1567,Jammers zero sugar cherry flavored drink,0,10
1568,All natural pure fruit juice blend,50,9
1569,Biscotti pistachio,406.25,2
1570,Breakfast cereal,365.08,3
1571,Mango nectar,54.1667,9
1572,Textured vegetable protein,347.8261,4
1573,Roast beef,125,8
1574,Pom poms pomegranate fresh arils,100,8
1575,Tomato condensed soup,73.1707,9
1576,Thousand island with bacon,322.58,4
1577,4% Milkfat Large Curd cottage cheese,110,8
1578,Chicken bbq pizza,290,5
1579,Grönsaksbullar Vegetable Balls (ikea),173.6111,7
1580,Sylt Hjortron Cloudberry Jam,248,6
1581,Strawberry Preserves,250,5
1582,Vindaloo Sauce,102,8
1583,Banana,110,8
1584,Organic Nine Grain All Natural Bread,279,5
1585,Organic Great Seed,256,5
1586,Organic Sunny Days Snack Bars,368,3
1587,Organic 100% Whole Wheat,233,6
1588,Tofu Firm,89,9
1589,Just Great Stuff The Original Powdered Organic Peanut Butter,375,3
1590,English cucumber,14,10
1591,Yellow Mustard,0,10
1592,Marinade Cajun,100,8
1593,Baja Chipotle With Lime Juice,100,8
1594,Marinade Steak & Chop With Garlic & Cracked Black Pepper,67,9
1595,Sweet Cooking Rice Seasoning,233,6
1596,Angelo Pietro All Natural Ginger Dressing,233,6
1597,Dainty Food Co Chili Sauce With Black Bean,295,5
1598,Aloha Barbecue Sauce,100,8
1599,Morningstar Farms Veggie Burgers Grillers 27oz 4ct,213,6
1600,Oatmeal dark chocolate chip complete lactation bar,467,1
1601,Wild maine blueberry organic 72% cacao dark chocolate,471,1
1602,NERDS Candy Bulk,375,3
1603,Spinach dip,296,5
1604,Jalapeno artichoke dip & spread,267,5
1605,The original coffee creamer,91,9
1606,2/1g boudin bakeries asian wasabi dressing,400,2
1607,Coconut water,17,10
1608,Long grain american basmati light brown rice light brown,348,4
1609,Oreo cookies mint 1x25 lb,483,1
1610,Chocolate sundae vanilla bean mochi ice cream with cherry center chocolate sundae,256,5
1611,Ripe strawberry mochi ice cream ripe strawberry,256,5
1612,Coffee mochi ice cream with caramel center mochi,256,5
1613,Double chocolate mochi ice cream with chocolaty bits double chocolate,256,5
1614,Salted caramel mochi ice cream salted caramel,256,5
1615,Cookies & cream mochi ice cream cookies & cream,256,5
1616,Organic whole milk yogurt,111,8
1617,Gluten free shortbread,518,0
1618,Organic whole milk yogurt,111,8
1619,Semisoft cheese,333,4
1620,Light semisoft cheese,238,6
1621,Almond butter bare smooth,588,0
1622,Made in a peanut-free facility almond butter,588,0
1623,Cranberry Spread,235,6
1624,Original nutrition shake,92,9
1625,Prunotto partridge eye lentils,353,3
1626,Farmer's crate sweet & crispy baked mango thins,320,4
1627,Soft amaretti,469,1
1628,Prunotto black eye beans,341,4
1629,Mandarin ginger,222,6
1630,Balsamic Sweet Onion Jam,166.66666666667,7
1631,Snicker-Doodle Shortbread Cookies Pure Butter,464,1
1632,Original Vanilla-Almond Wafer Vanilla,200,6
1633,Pure & Natural Maple Syrup,333,4
1634,Pure Maple Syrup,333,4
1635,Pure Tomato Pasta Sauce,20,10
1636,100% Pure Vermont Maple Syrup,333,4
1637,Himalayan Pink Salt,0,10
1638,Pesto Sauce,424,2
1639,Organic Superfood Smoothie Mix,400,2
1640,Organic Chamomile Herbal Tea,0,10
1641,Assorted Biscottini,429,2
1642,Les Confituriers Red Fig Jam,307,4
1643,Raspberry Syrup Raspberry,367,3
1644,Meyer Lemon Salad Refresher,233,6
1645,Lobster meat kcl & body,119,8
1646,Lobster meat k&c,119,8
1647,Lobster meat kc&l,89,9
1648,Michele's granola granola original,500,0
1649,Whole Grain Granola Ginger Hemp,500,0
1650,Granola Pumpkin Spice,536,0
1651,Organic 100% juice,217,6
1652,Beef jerky original,286,5
1653,Himayayan Pink Salt,0,10
1654,Almond Cashew Nut & Seed bar,150,7
1655,Vegetable Soup Mix,36,10
1656,French pure butter cookies,150,7
1657,Tilapia skinless boneless individually wrapped fillets tilapia,88,9
1658,Graine de chia,447,2
1659,Coconut sugar,391,3
1660,Barre Chocolat Juice Plus+,381.818181818182,3
1661,Végétal soup,200,6
1662,Unsweet Iced Tea,0,10
1663,Collagen plus matcha,214.28571428571,6
1664,Deluxe Thick Apricot Spread Apricot,200,6
1665,Himalayan Pink Salt,0,10
1666,Pickled Garlic,125,8
1667,Pure Honey,286,5
1668,St Dalfour 100% Pure & Natural Orange Blossom Honey,286,5
1669,Krazy Organic Krazy Ketchup Agave,133,8
1670,Caffaro's Baking Co Biscotti Cranberry Orange,343,4
1671,Turmeric & Ginger Root Powder,333,4
1672,Royal Fig,206,6
1673,Chef Pascal Orange Ginger & Coconut Sauce Orange Ginger & Coconut,200,6
1674,Cucina & Amore Sliced Tricolor Jalapenos,17,10
1675,Black Currant,211,6
1676,California Peach Preserves,263,5
1677,Pancake waffle mix,400,2
1678,Caesar dressing marinade,300,4
1679,Bruschetta artichoke,214.28571428571,6
1680,dark chocolate and peanut butter,458.3333,1
1681,banana chips,464.2857,1
1682,Wild maine blueberry champagne,200,6
1683,Sour Ounch Straws Strawberry,400,2
1684,Multicolor Jordan Almonds,433.33333333333,2
1685,Roast Beef & Cheese Sandwich,660,0
1686,Chicken Salad Wrap,470,1
1687,Mini chocolate chip cookies,130,8
1688,Conchiglie in tonijn-pestosaus,144,8